,LePHARE_chi2_G,LePHARE_chi2_Q,LePHARE_chi2_S,BAGPIPES_BIC_G,BAGPIPES_BIC_Q,BAGPIPES_BIC_GQ
1143273115,3913.73,484.472,3208.79,3676.4683932917146,-32.77230123144876,-190.71680537614805
1599741416,1887.7,20.131,687.077,1469.2359870311461,32.520091471831904,41.20764065195303
1695974542,3933.25,51.2216,1693.91,3494.1833155769978,78.93485644879281,91.00491390295957
